{
    "name": "root",
    "gauges": {
        "SimpleCollector.Policy.Entropy.mean": {
            "value": 1.1917046308517456,
            "min": 1.1917046308517456,
            "max": 1.422188401222229,
            "count": 63
        },
        "SimpleCollector.Policy.Entropy.sum": {
            "value": 23836.4765625,
            "min": 23803.623046875,
            "max": 28886.87890625,
            "count": 63
        },
        "SimpleCollector.Step.mean": {
            "value": 1259950.0,
            "min": 19976.0,
            "max": 1259950.0,
            "count": 63
        },
        "SimpleCollector.Step.sum": {
            "value": 1259950.0,
            "min": 19976.0,
            "max": 1259950.0,
            "count": 63
        },
        "SimpleCollector.Policy.ExtrinsicValueEstimate.mean": {
            "value": 0.02828330732882023,
            "min": -0.003174816956743598,
            "max": 0.11261153966188431,
            "count": 63
        },
        "SimpleCollector.Policy.ExtrinsicValueEstimate.sum": {
            "value": 4.751595497131348,
            "min": -0.5365440845489502,
            "max": 19.707019805908203,
            "count": 63
        },
        "SimpleCollector.Environment.EpisodeLength.mean": {
            "value": 868.5652173913044,
            "min": 713.5714285714286,
            "max": 868.5652173913044,
            "count": 63
        },
        "SimpleCollector.Environment.EpisodeLength.sum": {
            "value": 19977.0,
            "min": 18165.0,
            "max": 20779.0,
            "count": 63
        },
        "SimpleCollector.Environment.CumulativeReward.mean": {
            "value": 0.12173913289671359,
            "min": -0.07499999987582366,
            "max": 0.4800000077486038,
            "count": 63
        },
        "SimpleCollector.Environment.CumulativeReward.sum": {
            "value": 2.8000000566244125,
            "min": -1.7999999970197678,
            "max": 12.000000193715096,
            "count": 63
        },
        "SimpleCollector.Policy.ExtrinsicReward.mean": {
            "value": 0.12173913289671359,
            "min": -0.07499999987582366,
            "max": 0.4800000077486038,
            "count": 63
        },
        "SimpleCollector.Policy.ExtrinsicReward.sum": {
            "value": 2.8000000566244125,
            "min": -1.7999999970197678,
            "max": 12.000000193715096,
            "count": 63
        },
        "SimpleCollector.Losses.PolicyLoss.mean": {
            "value": 0.06877791858375228,
            "min": 0.06390038445508356,
            "max": 0.0767081452370393,
            "count": 63
        },
        "SimpleCollector.Losses.PolicyLoss.sum": {
            "value": 0.6877791858375227,
            "min": 0.5751034600957521,
            "max": 0.717161698732525,
            "count": 63
        },
        "SimpleCollector.Losses.ValueLoss.mean": {
            "value": 0.0006370505026116766,
            "min": 0.00034456965882913613,
            "max": 0.0038506959587208504,
            "count": 63
        },
        "SimpleCollector.Losses.ValueLoss.sum": {
            "value": 0.006370505026116765,
            "min": 0.003445696588291361,
            "max": 0.038506959587208504,
            "count": 63
        },
        "SimpleCollector.Policy.LearningRate.mean": {
            "value": 0.00029925033024988997,
            "min": 0.00029925033024988997,
            "max": 0.000299993723802092,
            "count": 63
        },
        "SimpleCollector.Policy.LearningRate.sum": {
            "value": 0.0029925033024988997,
            "min": 0.002693359947413351,
            "max": 0.0029997010524996487,
            "count": 63
        },
        "SimpleCollector.Policy.Epsilon.mean": {
            "value": 0.19975011,
            "min": 0.19975011,
            "max": 0.19999790793333333,
            "count": 63
        },
        "SimpleCollector.Policy.Epsilon.sum": {
            "value": 1.9975011,
            "min": 1.7977866484000002,
            "max": 1.9999003508000002,
            "count": 63
        },
        "SimpleCollector.Policy.Beta.mean": {
            "value": 0.004987530489000001,
            "min": 0.004987530489000001,
            "max": 0.004999895605873333,
            "count": 63
        },
        "SimpleCollector.Policy.Beta.sum": {
            "value": 0.049875304890000006,
            "min": 0.04488955375516,
            "max": 0.04999502750492,
            "count": 63
        },
        "SimpleCollector.IsTraining.mean": {
            "value": 1.0,
            "min": 1.0,
            "max": 1.0,
            "count": 63
        },
        "SimpleCollector.IsTraining.sum": {
            "value": 1.0,
            "min": 1.0,
            "max": 1.0,
            "count": 63
        }
    },
    "metadata": {
        "timer_format_version": "0.1.0",
        "start_time_seconds": "1678654487",
        "python_version": "3.9.9 (tags/v3.9.9:ccb0e6a, Nov 15 2021, 18:08:50) [MSC v.1929 64 bit (AMD64)]",
        "command_line_arguments": "C:\\Users\\bweiss\\AppData\\Local\\Programs\\Python\\Python39\\Scripts\\mlagents-learn C:\\Users\\bweiss\\ml-agents\\config\\SimpleCollector.yaml --run-id sc13",
        "mlagents_version": "0.30.0",
        "mlagents_envs_version": "0.30.0",
        "communication_protocol_version": "1.5.0",
        "pytorch_version": "1.13.1+cpu",
        "numpy_version": "1.21.2",
        "end_time_seconds": "1678658731"
    },
    "total": 4243.6141125,
    "count": 1,
    "self": 10.005040500000177,
    "children": {
        "run_training.setup": {
            "total": 0.09269080000000018,
            "count": 1,
            "self": 0.09269080000000018
        },
        "TrainerController.start_learning": {
            "total": 4233.5163812,
            "count": 1,
            "self": 16.77406149993203,
            "children": {
                "TrainerController._reset_env": {
                    "total": 7.0461676,
                    "count": 1,
                    "self": 7.0461676
                },
                "TrainerController.advance": {
                    "total": 4209.636222500067,
                    "count": 638012,
                    "self": 7.342890100075238,
                    "children": {
                        "env_step": {
                            "total": 4202.293332399991,
                            "count": 638012,
                            "self": 3639.916151099951,
                            "children": {
                                "SubprocessEnvManager._take_step": {
                                    "total": 554.1549226999593,
                                    "count": 638018,
                                    "self": 37.78280090004819,
                                    "children": {
                                        "TorchPolicy.evaluate": {
                                            "total": 516.3721217999112,
                                            "count": 636848,
                                            "self": 516.3721217999112
                                        }
                                    }
                                },
                                "workers": {
                                    "total": 8.222258600081052,
                                    "count": 638011,
                                    "self": 0.0,
                                    "children": {
                                        "worker_root": {
                                            "total": 4027.096003400094,
                                            "count": 638011,
                                            "is_parallel": true,
                                            "self": 1325.3398919001866,