{"count":1,"self":41.9373632,"total":461.8772626,"children":{"InitializeActuators":{"count":7,"self":0.0020071999999999998,"total":0.0020071999999999998,"children":null},"InitializeSensors":{"count":7,"self":0.0065242999999999994,"total":0.0065242999999999994,"children":null},"AgentSendState":{"count":2266,"self":0.2120215,"total":419.03120609999996,"children":{"CollectObservations":{"count":4990,"self":0.0091471,"total":0.0091471,"children":null},"WriteActionMask":{"count":4990,"self":0.015479199999999999,"total":0.015479199999999999,"children":null},"RequestDecision":{"count":4990,"self":0.0695886,"total":418.7945583,"children":{"CameraSensor.GetCompressedObservation":{"count":2266,"self":418.72496639999997,"total":418.7249697,"children":null}}}}},"DecideAction":{"count":2266,"self":0.6416254,"total":0.6515219,"children":{"RayPerceptionSensor.Perceive":{"count":2724,"self":0.009896499999999999,"total":0.009896499999999999,"children":null}}},"AgentAct":{"count":2266,"self":0.24813529999999998,"total":0.24813529999999998,"children":null}},"gauges":{},"metadata":{"timer_format_version":"0.1.0","start_time_seconds":"1680630535","unity_version":"2022.1.8f1","command_line_arguments":"C:\\Program Files\\Unity\\Hub\\Editor\\2022.1.8f1\\Editor\\Unity.exe -projectpath C:\\Users\\1969a\\OneDrive\\Documents\\GitHub\\Overseer.ai -useHub -hubIPC -cloudEnvironment production -licensingIpc LicenseClient-1969a -hubSessionId ab5abde0-cf1f-11ed-8a55-0d9cf20c2eb5 -accessToken Ac4U8t-OtApdYXxReENPLJxDO-fILz6g-vkg0VHK_dU002f","communication_protocol_version":"1.5.0","com.unity.ml-agents_version":"2.0.1","scene_name":"World","end_time_seconds":"1680630997"}}