{
    "name": "root",
    "metadata": {
        "timer_format_version": "0.1.0",
        "start_time_seconds": "1678648114",
        "python_version": "3.9.9 (tags/v3.9.9:ccb0e6a, Nov 15 2021, 18:08:50) [MSC v.1929 64 bit (AMD64)]",
        "command_line_arguments": "C:\\Users\\bweiss\\AppData\\Local\\Programs\\Python\\Python39\\Scripts\\mlagents-learn C:\\Users\\bweiss\\ml-agents\\config\\SimpleCollector.yaml --run-id sc02",
        "mlagents_version": "0.30.0",
        "mlagents_envs_version": "0.30.0",
        "communication_protocol_version": "1.5.0",
        "pytorch_version": "1.13.1+cpu",
        "numpy_version": "1.21.2",
        "end_time_seconds": "1678648197"
    },
    "total": 82.8105938,
    "count": 1,
    "self": 10.004873599999996,
    "children": {
        "run_training.setup": {
            "total": 0.09208149999999993,
            "count": 1,
            "self": 0.09208149999999993
        },
        "TrainerController.start_learning": {
            "total": 72.7136387,
            "count": 1,
            "self": 0.1745847999994652,
            "children": {
                "TrainerController._reset_env": {
                    "total": 5.9583144,
                    "count": 1,
                    "self": 5.9583144
                },
                "TrainerController.advance": {
                    "total": 66.49117300000053,
                    "count": 8151,
                    "self": 0.0763774000001689,
                    "children": {
                        "env_step": {
                            "total": 66.41479560000036,
                            "count": 8151,
                            "self": 60.1885032000001,
                            "children": {
                                "SubprocessEnvManager._take_step": {
                                    "total": 6.1369522000003895,
                                    "count": 8152,
                                    "self": 0.2791840000006882,
                                    "children": {
                                        "TorchPolicy.evaluate": {
                                            "total": 5.857768199999701,
                                            "count": 5212,
                                            "self": 5.857768199999701
                                        }
                                    }
                                },
                                "workers": {
                                    "total": 0.08934019999987175,
                                    "count": 8150,
                                    "self": 0.0,
                                    "children": {
                                        "worker_root": {
                                            "total": 36.72744150000019,
                                            "count": 8150,
                                            "is_parallel": true,
                                            "self": 15.336596499999775,
                                            "children": {
                                                "steps_from_proto": {
                                                    "total": 0.0006605999999971246,
                                                    "count": 2,
                                                    "is_parallel": true,
                                                    "self": 0.00023869999999615032,
                                                    "children": {
                                                        "_process_rank_one_or_two_observation": {
                                                            "total": 0.0004219000000009743,
                                                            "count": 4,
                                                            "is_parallel": true,
                                                            "self": 0.0004219000000009743
                                                        }
                                                    }
                                                },
                                                "UnityEnvironment.step": {
                                                    "total": 21.390184400000418,
                                                    "count": 8150,
                                                    "is_parallel": true,
                                                    "self": 0.6413690000001679,
                                                    "children": {
                                                        "UnityEnvironment._generate_step_input": {
                                                            "total": 0.42628960000015326,
                                                            "count": 8150,
                                                            "is_parallel": true,
                                                            "self": 0.42628960000015326
                                                        },
                                                        "communicator.exchange": {
                                                            "total": 18.909615600000187,
                                                            "count": 8150,
                                                            "is_parallel": true,
                                                            "self": 18.909615600000187
                                                        },
                                                        "steps_from_proto": {
                                                            "total": 1.4129101999999092,
                                                            "count": 8150,
                                                            "is_parallel": true,
                                                            "self": 0.6335038999997735,
                                                            "children": {
                                                                "_process_rank_one_or_two_observation": {
                                                                    "total": 0.7794063000001357,
                                                                    "count": 16300,
                                                                    "is_parallel": true,
                                                                    "self": 0.7794063000001357
                                                                }
                                                            }
                                                        }
                                                    }
                                                }
                                            }
                                        }
                                    }
                                }
                            }
                        }
                    }
                },
                "trainer_threads": {
                    "total": 1.9800000004011054e-05,
                    "count": 1,
                    "self": 1.9800000004011054e-05,
                    "children": {
                        "thread_root": {
                            "total": 0.0,
                            "count": 0,
                            "is_parallel": true,
                            "self": 0.0,
                            "children": {
                                "trainer_advance": {
                                    "total": 66.5765947000001,
                                    "count": 5674,
                                    "is_parallel": true,
                                    "self": 0.2593589000002652,
                                    "children": {
                                        "process_trajectory": {
                                            "total": 62.12796699999985,
                                            "count": 5674,