{
    "name": "root",
    "gauges": {
        "SimpleCollector.Policy.Entropy.mean": {
            "value": 1.3866323232650757,
            "min": 1.386301040649414,
            "max": 1.4215619564056396,
            "count": 10
        },
        "SimpleCollector.Policy.Entropy.sum": {
            "value": 27742.353515625,
            "min": 27657.025390625,
            "max": 28664.44140625,
            "count": 10
        },
        "SimpleCollector.Environment.EpisodeLength.mean": {
            "value": 38.197265625,
            "min": 26.287465940054496,
            "max": 49.70959595959596,
            "count": 10
        },
        "SimpleCollector.Environment.EpisodeLength.sum": {
            "value": 19557.0,
            "min": 19295.0,
            "max": 19685.0,
            "count": 10
        },
        "SimpleCollector.Step.mean": {
            "value": 199999.0,
            "min": 19966.0,
            "max": 199999.0,
            "count": 10
        },
        "SimpleCollector.Step.sum": {
            "value": 199999.0,
            "min": 19966.0,
            "max": 199999.0,
            "count": 10
        },
        "SimpleCollector.Policy.ExtrinsicValueEstimate.mean": {
            "value": 0.15302832424640656,
            "min": 0.05342927202582359,
            "max": 0.18580591678619385,
            "count": 10
        },
        "SimpleCollector.Policy.ExtrinsicValueEstimate.sum": {
            "value": 78.04444885253906,
            "min": 25.218616485595703,
            "max": 78.76140594482422,
            "count": 10
        },
        "SimpleCollector.Environment.CumulativeReward.mean": {
            "value": 0.30218687872763417,
            "min": 0.22479564032697547,
            "max": 0.39141414141414144,
            "count": 10
        },
        "SimpleCollector.Environment.CumulativeReward.sum": {
            "value": 152.0,
            "min": 138.0,
            "max": 183.0,
            "count": 10
        },
        "SimpleCollector.Policy.ExtrinsicReward.mean": {
            "value": 0.30218687872763417,
            "min": 0.22479564032697547,
            "max": 0.39141414141414144,
            "count": 10
        },
        "SimpleCollector.Policy.ExtrinsicReward.sum": {
            "value": 152.0,
            "min": 138.0,
            "max": 183.0,
            "count": 10
        },
        "SimpleCollector.Losses.PolicyLoss.mean": {
            "value": 0.0705579108413076,
            "min": 0.06667043301557123,
            "max": 0.07322980549943167,
            "count": 10
        },
        "SimpleCollector.Losses.PolicyLoss.sum": {
            "value": 0.7055791084130759,
            "min": 0.600033897140141,
            "max": 0.7322980549943168,
            "count": 10
        },
        "SimpleCollector.Losses.ValueLoss.mean": {
            "value": 0.04859219490705679,
            "min": 0.04206003717371021,
            "max": 0.05595695474389855,
            "count": 10
        },
        "SimpleCollector.Losses.ValueLoss.sum": {
            "value": 0.4859219490705679,
            "min": 0.37854033456339187,
            "max": 0.5534641617365803,
            "count": 10
        },
        "SimpleCollector.Policy.LearningRate.mean": {
            "value": 0.0002998857287780904,
            "min": 0.0002998857287780904,
            "max": 0.0002999937685354105,
            "count": 10
        },
        "SimpleCollector.Policy.LearningRate.sum": {
            "value": 0.002998857287780904,
            "min": 0.002699190474269842,
            "max": 0.002999819179860273,
            "count": 10
        },
        "SimpleCollector.Policy.Epsilon.mean": {
            "value": 0.19996190957999999,
            "min": 0.19996190957999999,
            "max": 0.19999792284444445,
            "count": 10
        },
        "SimpleCollector.Policy.Epsilon.sum": {
            "value": 1.9996190958,
            "min": 1.799730158,
            "max": 1.9999397266,
            "count": 10
        },
        "SimpleCollector.Policy.Beta.mean": {
            "value": 0.004998099288042001,
            "min": 0.004998099288042001,
            "max": 0.004999896349937777,
            "count": 10
        },
        "SimpleCollector.Policy.Beta.sum": {
            "value": 0.04998099288042,
            "min": 0.0449865348842,
            "max": 0.04999699235734001,
            "count": 10
        },
        "SimpleCollector.IsTraining.mean": {
            "value": 1.0,
            "min": 1.0,
            "max": 1.0,
            "count": 10
        },
        "SimpleCollector.IsTraining.sum": {
            "value": 1.0,
            "min": 1.0,
            "max": 1.0,
            "count": 10
        }
    },
    "metadata": {
        "timer_format_version": "0.1.0",
        "start_time_seconds": "1678664585",
        "python_version": "3.9.9 (tags/v3.9.9:ccb0e6a, Nov 15 2021, 18:08:50) [MSC v.1929 64 bit (AMD64)]",
        "command_line_arguments": "C:\\Users\\bweiss\\AppData\\Local\\Programs\\Python\\Python39\\Scripts\\mlagents-learn C:\\Users\\bweiss\\ml-agents\\config\\SimpleCollector.yaml --num-envs=4 --env=C:\\Users\\bweiss\\ML_HW5\\Build\\ML_HW5.exe --run-id sc23",
        "mlagents_version": "0.30.0",
        "mlagents_envs_version": "0.30.0",
        "communication_protocol_version": "1.5.0",
        "pytorch_version": "1.13.1+cpu",
        "numpy_version": "1.21.2",
        "end_time_seconds": "1678665084"
    },
    "total": 499.3395117,
    "count": 1,
    "self": 0.7361776000000191,
    "children": {
        "run_training.setup": {
            "total": 0.3304984999999998,
            "count": 1,
            "self": 0.3304984999999998
        },
        "TrainerController.start_learning": {
            "total": 498.2728356,
            "count": 1,
            "self": 6.122222100009651,
            "children": {
                "TrainerController._reset_env": {
                    "total": 5.6482614,
                    "count": 1,
                    "self": 5.6482614
                },
                "TrainerController.advance": {
                    "total": 486.3480596999903,
                    "count": 152530,
                    "self": 2.705535799986592,
                    "children": {
                        "env_step": {
                            "total": 483.6425239000037,
                            "count": 152530,
                            "self": 160.35769289999854,
                            "children": {
                                "SubprocessEnvManager._take_step": {
                                    "total": 319.89420840000514,
                                    "count": 224630,
                                    "self": 18.669746400003874,
                                    "children": {
                                        "TorchPolicy.evaluate": {
                                            "total": 301.22446200000127,
                                            "count": 220032,
                                            "self": 301.22446200000127
                                        }
                                    }
                                },
                                "workers": {
                                    "total": 3.3906226000000244,
                                    "count": 152529,
                                    "self": 0.0,
                                    "children": {
                                        "worker_root": {
                                            "total": 1960.8574677000122,
                                            "count": 224626,
                                            "is_parallel": true,
                                            "self": 1178.4974789999976,
                                            "children": {
                                                "steps_from_proto": {
                                                    "total": 0.0012520000000018072,