{
    "name": "root",
    "metadata": {
        "timer_format_version": "0.1.0",
        "start_time_seconds": "1678653885",
        "python_version": "3.9.9 (tags/v3.9.9:ccb0e6a, Nov 15 2021, 18:08:50) [MSC v.1929 64 bit (AMD64)]",
        "command_line_arguments": "C:\\Users\\bweiss\\AppData\\Local\\Programs\\Python\\Python39\\Scripts\\mlagents-learn C:\\Users\\bweiss\\ml-agents\\config\\SimpleCollector.yaml --run-id sc08",
        "mlagents_version": "0.30.0",
        "mlagents_envs_version": "0.30.0",
        "communication_protocol_version": "1.5.0",
        "pytorch_version": "1.13.1+cpu",
        "numpy_version": "1.21.2",
        "end_time_seconds": "1678653988"
    },
    "total": 102.63743290000001,
    "count": 1,
    "self": 0.0066493000000065194,
    "children": {
        "run_training.setup": {
            "total": 0.11830950000000051,
            "count": 1,
            "self": 0.11830950000000051
        },
        "TrainerController.start_learning": {
            "total": 102.5124741,
            "count": 1,
            "self": 0.15299040000007835,
            "children": {
                "TrainerController._reset_env": {
                    "total": 6.872319399999999,
                    "count": 1,
                    "self": 6.872319399999999
                },
                "TrainerController.advance": {
                    "total": 95.40554739999993,
                    "count": 6288,
                    "self": 0.06826339999997799,
                    "children": {
                        "env_step": {
                            "total": 95.33728399999995,
                            "count": 6288,
                            "self": 90.25864650000024,
                            "children": {
                                "SubprocessEnvManager._take_step": {
                                    "total": 5.004056199999967,
                                    "count": 6288,
                                    "self": 0.34387509999985966,
                                    "children": {
                                        "TorchPolicy.evaluate": {
                                            "total": 4.660181100000107,
                                            "count": 6277,
                                            "self": 4.660181100000107
                                        }
                                    }
                                },
                                "workers": {
                                    "total": 0.07458129999974794,
                                    "count": 6287,
                                    "self": 0.0,
                                    "children": {
                                        "worker_root": {
                                            "total": 32.80602660000001,
                                            "count": 6287,
                                            "is_parallel": true,
                                            "self": 11.868599299999893,
                                            "children": {
                                                "steps_from_proto": {
                                                    "total": 0.0002803000000000111,
                                                    "count": 1,
                                                    "is_parallel": true,
                                                    "self": 9.86000000002818e-05,
                                                    "children": {
                                                        "_process_rank_one_or_two_observation": {
                                                            "total": 0.0001816999999997293,
                                                            "count": 2,
                                                            "is_parallel": true,
                                                            "self": 0.0001816999999997293
                                                        }
                                                    }
                                                },
                                                "UnityEnvironment.step": {
                                                    "total": 20.937147000000117,
                                                    "count": 6287,
                                                    "is_parallel": true,
                                                    "self": 0.5078539999999983,
                                                    "children": {
                                                        "UnityEnvironment._generate_step_input": {
                                                            "total": 0.5150495999998714,
                                                            "count": 6287,
                                                            "is_parallel": true,
                                                            "self": 0.5150495999998714
                                                        },
                                                        "communicator.exchange": {
                                                            "total": 18.72150690000006,
                                                            "count": 6287,
                                                            "is_parallel": true,
                                                            "self": 18.72150690000006
                                                        },
                                                        "steps_from_proto": {
                                                            "total": 1.1927365000001906,
                                                            "count": 6287,
                                                            "is_parallel": true,
                                                            "self": 0.5087853000004428,
                                                            "children": {
                                                                "_process_rank_one_or_two_observation": {
                                                                    "total": 0.6839511999997478,
                                                                    "count": 12574,
                                                                    "is_parallel": true,
                                                                    "self": 0.6839511999997478
                                                                }
                                                            }
                                                        }
                                                    }
                                                }
                                            }
                                        }
                                    }
                                }
                            }
                        }
                    }
                },
                "TrainerController._save_models": {
                    "total": 0.08161690000000021,
                    "count": 1,
                    "self": 0.010001600000009603,
                    "children": {
                        "RLTrainer._checkpoint": {
                            "total": 0.07161529999999061,
                            "count": 1,
                            "self": 0.07161529999999061
                        }
                    }
                }
            }
        }
    }
}